{"train/loss": [0.0049519664607942104, 0.004458754323422909, 0.00411651935428381, 0.0038081600796431303, 0.0034310128539800644, 0.00300567876547575, 0.0026050196029245853, 0.0022062945645302534, 0.0019455286674201488, 0.001706328708678484, 0.0015731509774923325, 0.001482015592046082, 0.0013982719974592328, 0.0013112989254295826, 0.0012528429506346583, 0.001195960445329547, 0.0011723391944542527, 0.0011751522542908788, 0.0011403408134356141, 0.0011264919303357601, 0.001090710167773068, 0.001088546821847558, 0.001063950126990676, 0.0010226524900645018, 0.0010220427066087723, 0.0010051206918433309, 0.0009855589596554637, 0.000989230815321207, 0.000981401652097702, 0.0009553732234053314, 0.0009104757336899638, 0.0009075985290110111, 0.0008650841191411018, 0.0008556944667361677, 0.00089090975234285, 0.0008724471554160118, 0.0008412407478317618, 0.0008264270727522671, 0.0008101899875327945, 0.0008263011695817113, 0.0008030951139517128, 0.0007903142832219601, 0.0007846146472729743, 0.0007815005956217647, 0.0008057666709646583, 0.0007755917031317949, 0.0007426436059176922, 0.0007372710970230401, 0.0007375375716947019, 0.000708742649294436, 0.0006924355402588844, 0.0006804937729611993, 0.0007068993872962892, 0.0007313773967325687, 0.0007207532762549818, 0.0006738272495567799, 0.0006585820810869336, 0.0006302085821516812, 0.0006238680216483772, 0.0006161515484564006, 0.0005700201727449894, 0.0005379660869948566, 0.0005607384955510497, 0.0005678896559402347, 0.0005331530119292438, 0.0005235663265921175, 0.0004925406537950039, 0.0005030265892855823, 0.0004922482185065746, 0.0004586166760418564, 0.0004910061834380031, 0.0005026577855460346, 0.00047870201524347067, 0.00045482380664907396, 0.0004332640382926911, 0.0004133580659981817, 0.00042036600643768907, 0.0004216557717882097, 0.00039761982043273747, 0.00037945277290418744, 0.000369891116861254, 0.00033533095847815275, 0.00033184897620230913, 0.00034814653918147087, 0.00035920448135584593, 0.00035981726250611246, 0.0003337586240377277, 0.0003258668293710798, 0.0003088100638706237, 0.0003082914918195456, 0.00027064705500379205, 0.0002667135267984122, 0.00026177705149166286, 0.0002801652008201927, 0.00024993662373162806, 0.0002312138385605067, 0.0002275938750244677, 0.00024308962747454643, 0.00023559284454677254, 0.00022069612168706954], "train/acc": [0.01366666704416275, 0.03155555576086044, 0.049222223460674286, 0.08888889104127884, 0.12333333492279053, 0.19522222876548767, 0.25955554842948914, 0.30488890409469604, 0.34511110186576843, 0.38277778029441833, 0.4099999964237213, 0.4342222213745117, 0.45266667008399963, 0.4846666753292084, 0.4978888928890228, 0.5210000276565552, 0.5234444737434387, 0.5216666460037231, 0.5441111326217651, 0.5421110987663269, 0.5565555691719055, 0.5545555353164673, 0.5681111216545105, 0.5843333601951599, 0.5843333601951599, 0.5877777934074402, 0.5920000076293945, 0.5891110897064209, 0.5968888998031616, 0.6084444522857666, 0.6330000162124634, 0.6297777891159058, 0.6503333449363708, 0.6505555510520935, 0.6333333253860474, 0.6456666588783264, 0.6589999794960022, 0.6647777557373047, 0.6726666688919067, 0.664555549621582, 0.6800000071525574, 0.6814444661140442, 0.6812222003936768, 0.6816666722297668, 0.667888879776001, 0.68622225522995, 0.7045555710792542, 0.7093333601951599, 0.7064444422721863, 0.7203333377838135, 0.7198889255523682, 0.7322222590446472, 0.7146666646003723, 0.7055555582046509, 0.7113333344459534, 0.7378888726234436, 0.7433333396911621, 0.7559999823570251, 0.7610000371932983, 0.757444441318512, 0.7817777991294861, 0.7968888878822327, 0.7816666960716248, 0.7848889231681824, 0.7973333597183228, 0.800000011920929, 0.8173333406448364, 0.8106666803359985, 0.8125555515289307, 0.8295555710792542, 0.8152222037315369, 0.8067777752876282, 0.8146666884422302, 0.8311111330986023, 0.8434444665908813, 0.8517777919769287, 0.8437777757644653, 0.8457778096199036, 0.8541111350059509, 0.8633333444595337, 0.8641111254692078, 0.886222243309021, 0.8813333511352539, 0.878000020980835, 0.8693333268165588, 0.8657777905464172, 0.882444441318512, 0.8874444365501404, 0.890333354473114, 0.8910000324249268, 0.9054444432258606, 0.9053333401679993, 0.9077777862548828, 0.9026666879653931, 0.9111111164093018, 0.9194444417953491, 0.9204444289207458, 0.9143333435058594, 0.9193333387374878, 0.9227777719497681], "validation/loss": [0.08172465860843658, 0.00489862309768796, 0.005185763351619244, 0.004937749356031418, 0.003864040831103921, 0.005477279890328646, 0.005091551225632429, 0.004283646587282419, 0.004823639988899231, 0.004850324243307114, 0.00339841702952981, 0.003824895713478327, 0.0034192525781691074, 0.0018881137948483229, 0.002712544286623597, 0.0033521323930472136, 0.002482432872056961, 0.0029394649900496006, 0.0021455432288348675, 0.0025910986587405205, 0.001953409519046545, 0.0036609952803701162, 0.0024586643557995558, 0.003389941994100809, 0.002096055308356881, 0.0014596293913200498, 0.001548311091028154, 0.002184754004701972, 0.0026473926845937967, 0.0018363139824941754, 0.00133335602004081, 0.0017000886145979166, 0.0018267245031893253, 0.001606337958946824, 0.0013829499948769808, 0.0025949724949896336, 0.0019257012754678726, 0.0015133307315409184, 0.0015169018879532814, 0.0024145301431417465, 0.0019352477975189686, 0.002369869500398636, 0.002725450787693262, 0.0024652970023453236, 0.001247052219696343, 0.0012409333139657974, 0.0013059545308351517, 0.002379111247137189, 0.0023366373497992754, 0.0015973912086337805, 0.002212720923125744, 0.0009649153798818588, 0.001835439819842577, 0.0042719291523098946, 0.002066689310595393, 0.0019641590770334005, 0.0028182833921164274, 0.0017002375097945333, 0.0015329867601394653, 0.0013723158044740558, 0.001146550988778472, 0.0022294248919934034, 0.0014691775431856513, 0.001290472806431353, 0.0011380671057850122, 0.0011441437527537346, 0.002712417393922806, 0.002585439942777157, 0.0015876464312896132, 0.0018102446338161826, 0.002603834494948387, 0.0014162904117256403, 0.0014936501393094659, 0.0014403141103684902, 0.0020602119620889425, 0.0016499788034707308, 0.0017345973756164312, 0.001317530986852944, 0.0014813726302236319, 0.00140220089815557, 0.0014009469887241721, 0.0015887882327660918, 0.002003101631999016, 0.002056507393717766, 0.001994425430893898, 0.0016228468157351017, 0.0025347694754600525, 0.0014839208452031016, 0.0014069179305806756, 0.0015191271668300033, 0.001501650083810091, 0.0023995067458599806, 0.0017327893292531371, 0.001386526389978826, 0.0015661843353882432, 0.0013359691947698593, 0.002111445413902402, 0.0017506381263956428, 0.0020479208324104548, 0.0017830446595326066],