{"train/loss": [0.0044743153266608715, 0.0034211240708827972, 0.002922185929492116, 0.0024927491322159767, 0.0021459816489368677, 0.00190827832557261, 0.0017408637795597315, 0.0016270105261355639, 0.0015792300691828132, 0.0014900948153808713, 0.0014322071801871061, 0.0013438628520816565, 0.0013081522192806005, 0.0012964402558282018, 0.001243507838808, 0.0011871126480400562, 0.001173230237327516, 0.0011651216773316264, 0.0011114735389128327, 0.0011076439404860139, 0.0010943434899672866, 0.0010584593983367085, 0.0010435252916067839, 0.0010355255799368024, 0.001021901029162109, 0.0010149226291105151, 0.000965492392424494, 0.0009531424730084836, 0.000897127902135253, 0.0009184800437651575, 0.0009348933235742152, 0.0009160332265309989, 0.000863176304847002, 0.0008428397122770548, 0.0008076194790191948, 0.0007934087188914418, 0.0008159613935276866, 0.0007911083521321416, 0.00076180265750736, 0.0007591312169097364, 0.0007543417741544545, 0.0007222237181849778, 0.0007400450413115323, 0.0007026523817330599, 0.000715432281140238, 0.0006585803930647671, 0.0006433799280785024, 0.00060935941291973, 0.0006418118136934936, 0.0006176283932290971, 0.000602130894549191, 0.0005706754163838923, 0.0005496409721672535, 0.0005147521733306348, 0.0005195806152187288, 0.0005351314321160316, 0.0005221157916821539, 0.00050715496763587, 0.00048268158570863307, 0.00045553382369689643, 0.00042806557030417025, 0.00039578601717948914, 0.00038190835039131343, 0.0003587273822631687, 0.0003477649006526917, 0.0003403090813662857, 0.00031576488981954753, 0.00030993326799944043, 0.0002992637746501714, 0.00028101017232984304, 0.0002972426009364426, 0.0003018168790731579, 0.0002930420741904527, 0.0002764815872069448, 0.0002593166136648506, 0.0002505969605408609, 0.0002237078151665628, 0.00021585868671536446, 0.0002031287585850805, 0.00021023985755164176, 0.00020871657761745155, 0.00019095079915132374, 0.00017966398445423692, 0.00016368326032534242, 0.00015055073890835047, 0.0001374990533804521, 0.0001487139379605651, 0.0001366988872177899, 0.0001311394589720294, 0.0001239977136719972, 0.0001127748764702119, 0.00011571657523745671, 0.000114204223791603, 0.00010539982031332329, 0.0001023618460749276, 8.44044188852422e-05, 7.883014768594876e-05, 7.95564119471237e-05, 7.577472570119426e-05, 7.263354200404137e-05], "train/acc": [0.030000001192092896, 0.08855555951595306, 0.13911111652851105, 0.19522222876548767, 0.2527777850627899, 0.2907777726650238, 0.3297777771949768, 0.3535555601119995, 0.37166666984558105, 0.3884444534778595, 0.406333327293396, 0.44066667556762695, 0.4466666579246521, 0.45766666531562805, 0.476666659116745, 0.4982222318649292, 0.4982222318649292, 0.5075555443763733, 0.5314444303512573, 0.5300000309944153, 0.5360000133514404, 0.554111123085022, 0.5545555353164673, 0.5595555901527405, 0.5655555725097656, 0.5611110925674438, 0.5868889093399048, 0.5944444537162781, 0.6186666488647461, 0.6083333492279053, 0.6087777614593506, 0.6085555553436279, 0.6344444751739502, 0.6480000019073486, 0.664222240447998, 0.6690000295639038, 0.6672222018241882, 0.6623333692550659, 0.6824444532394409, 0.691444456577301, 0.6861110925674438, 0.7038888931274414, 0.6957777738571167, 0.7178888916969299, 0.7086666822433472, 0.734666645526886, 0.7456666827201843, 0.7626667022705078, 0.7437778115272522, 0.7535555362701416, 0.7648888826370239, 0.7784444689750671, 0.7870000004768372, 0.8042222261428833, 0.7988889217376709, 0.7891111373901367, 0.7963333129882812, 0.8065555691719055, 0.8159999847412109, 0.8315555453300476, 0.8397777676582336, 0.8583333492279053, 0.8606666922569275, 0.8707777857780457, 0.8796666860580444, 0.8796666860580444, 0.8892222046852112, 0.8923333287239075, 0.8933333158493042, 0.902999997138977, 0.8967778086662292, 0.8949999809265137, 0.8961111307144165, 0.901888906955719, 0.9096666574478149, 0.9096666574478149, 0.9235555529594421, 0.9251111149787903, 0.933555543422699, 0.9293333292007446, 0.9247778058052063, 0.9364444613456726, 0.9405555725097656, 0.9463333487510681, 0.951888918876648, 0.9554444551467896, 0.9507777690887451, 0.956333339214325, 0.956333339214325, 0.9600000381469727, 0.9651111364364624, 0.9616667032241821, 0.9652222394943237, 0.9644444584846497, 0.9685555696487427, 0.9763333201408386, 0.9748889207839966, 0.9783333539962769, 0.9775555729866028, 0.9792222380638123], "validation/loss": [0.09301428496837616, 0.009561276994645596, 0.004075431730598211, 0.007843035273253918, 0.01225331425666809, 0.006911368574947119, 0.003968492150306702, 0.0029226893093436956, 0.003080112859606743, 0.008021014742553234, 0.0017329755937680602, 0.0028899069875478745, 0.002060673199594021, 0.0020707969088107347, 0.0016199401579797268, 0.001318830531090498, 0.0014043282717466354, 0.001757423859089613, 0.0029122396372258663, 0.0013259262777864933, 0.0019000897882506251, 0.0018161637708544731, 0.002827536081895232, 0.0015678351046517491, 0.0013376347487792373, 0.002097276272252202, 0.0016005608486011624, 0.0015219695633277297, 0.0012289909645915031, 0.001725887879729271, 0.0016903075156733394, 0.0013972836313769221, 0.0021966896019876003, 0.0012080412125214934, 0.0017549075419083238, 0.0024230950511991978, 0.0019885541405528784, 0.0018038449343293905, 0.0011423493269830942, 0.001220199977979064, 0.001695522922091186, 0.0013509602285921574, 0.0011602317681536078, 0.002054960234090686, 0.0018645735690370202, 0.0016000533942133188, 0.0012077976716682315, 0.001531281042844057, 0.0015458491398021579, 0.0015438203699886799, 0.0019060539780184627, 0.002094353549182415, 0.001505595981143415, 0.0016725837485864758, 0.0014358974294736981, 0.0021368146408349276, 0.0014873334439471364, 0.0014694711426272988, 0.0016694468213245273, 0.0014084846479818225, 0.0019306540489196777, 0.0013108999701216817, 0.0018195259617641568, 0.0012582711642608047, 0.0015094535192474723, 0.0015417062677443027, 0.0018558757146820426, 0.0013397174188867211, 0.002295736689120531, 0.0018181493505835533, 0.0017546570161357522, 0.0018364742863923311, 0.001667180098593235, 0.0021239896304905415, 0.0018872132059186697, 0.0015255232574418187, 0.0014573626685887575, 0.0018560598837211728, 0.0015155887231230736, 0.0019023488275706768, 0.001529195811599493, 0.0014891372993588448, 0.0015729705337435007, 0.0016165791312232614, 0.0016417058650404215, 0.0015540907625108957, 0.0019418539013713598, 0.0016197777586057782, 0.002034128177911043, 0.001591053674928844, 0.001816913252696395, 0.0023380876518785954, 0.0018307844875380397, 0.0016459953039884567, 0.0016795187257230282, 0.0016933510778471828, 0.0018413641955703497, 0.0018809319008141756, 0.001951803220435977, 0.0017443642718717456],