{"train/loss": [0.004732770845293999, 0.003921378403902054, 0.003576934803277254, 0.003274128306657076, 0.002938171150162816, 0.0025221221148967743, 0.002210967941209674, 0.001970387529581785, 0.0017993695801123977, 0.001660016132518649, 0.0015398869290947914, 0.0014790056739002466, 0.0014384632231667638, 0.0013913484290242195, 0.0013350947992876172, 0.0013024377403780818, 0.0012900972506031394, 0.0012659972999244928, 0.0012454029638320208, 0.0011992122745141387, 0.0011856931960210204, 0.001166747068054974, 0.0011434198822826147, 0.0011336865136399865, 0.0011263886699452996, 0.0010963723761960864, 0.0010616842191666365, 0.001073005492798984, 0.001106336829252541, 0.001077904598787427, 0.0010534747270867229, 0.0010172659531235695, 0.0010033699218183756, 0.0010272327344864607, 0.000990333966910839, 0.0009719431400299072, 0.0009693417232483625, 0.0009610384004190564, 0.0009552020928822458, 0.000954087998252362, 0.000947443419136107, 0.00094680703477934, 0.0009155895677395165, 0.0009071181993931532, 0.0009153675637207925, 0.0008877742802724242, 0.000856453669257462, 0.0008670547977089882, 0.0008598871645517647, 0.0008482125704176724, 0.0008439248776994646, 0.0008265050128102303, 0.000818743952549994, 0.0008214780827984214, 0.0008361526415683329, 0.0007995474152266979, 0.0007966908742673695, 0.0007846286171115935, 0.0007688979967497289, 0.0007753741811029613, 0.0007668545586057007, 0.0007700722198933363, 0.0007536145276390016, 0.0007361079333350062, 0.0007263800944201648, 0.0007084512035362422, 0.000690158165525645, 0.0006991460104472935, 0.0006690250593237579, 0.0007130597368814051, 0.0007396265282295644, 0.0006888727657496929, 0.0006423067534342408, 0.0006222210358828306, 0.0006341827102005482, 0.0006400904967449605, 0.0006321819964796305, 0.0006114976713433862, 0.0005880053504370153, 0.0006029788055457175, 0.0005738206091336906, 0.0005775924655608833, 0.0005535964737646282, 0.0005296088056638837, 0.0005481671541929245, 0.0005637315334752202, 0.000540958542842418, 0.0005390206351876259, 0.0004971469170413911, 0.0004911925061605871, 0.00048115491517819464, 0.0004632513446267694, 0.00046853278763592243, 0.00046313577331602573, 0.0004469587584026158, 0.0004424775543157011, 0.000445247336756438, 0.0004297582490835339, 0.00039715770981274545, 0.0004254094965290278], "train/acc": [0.023666666820645332, 0.08055555820465088, 0.11733333766460419, 0.14433333277702332, 0.18488888442516327, 0.24899999797344208, 0.2938888967037201, 0.33533334732055664, 0.3526666760444641, 0.3878888785839081, 0.4131111204624176, 0.4270000159740448, 0.43877777457237244, 0.4445555508136749, 0.47111111879348755, 0.47566667199134827, 0.48044446110725403, 0.4877777695655823, 0.49300000071525574, 0.5139999985694885, 0.5098888874053955, 0.5274444222450256, 0.5324444770812988, 0.5344444513320923, 0.5379999876022339, 0.546999990940094, 0.5665555596351624, 0.5512222051620483, 0.5396666526794434, 0.5563333630561829, 0.5619999766349792, 0.5797777771949768, 0.5861111283302307, 0.5734444260597229, 0.593999981880188, 0.6014444231987, 0.5998889207839966, 0.6019999980926514, 0.6071110963821411, 0.6100000143051147, 0.6115555763244629, 0.6084444522857666, 0.6281111240386963, 0.6327778100967407, 0.620555579662323, 0.6355555653572083, 0.6508889198303223, 0.6437777876853943, 0.6503333449363708, 0.6482222080230713, 0.6629999876022339, 0.6681111454963684, 0.6692222356796265, 0.6626666784286499, 0.6572222113609314, 0.674666702747345, 0.6721110939979553, 0.6768888831138611, 0.6978889107704163, 0.6892222166061401, 0.6943333148956299, 0.6922222375869751, 0.6970000267028809, 0.7061111330986023, 0.7126666903495789, 0.7197777628898621, 0.7256667017936707, 0.722000002861023, 0.731333315372467, 0.7182222008705139, 0.7064444422721863, 0.7260000109672546, 0.7565555572509766, 0.7606666684150696, 0.753333330154419, 0.7493333220481873, 0.7547777891159058, 0.769444465637207, 0.7718889117240906, 0.768666684627533, 0.7823333144187927, 0.7820000052452087, 0.7896666526794434, 0.8005555868148804, 0.7929999828338623, 0.7882222533226013, 0.7924444675445557, 0.7902222275733948, 0.8172222375869751, 0.8202222585678101, 0.8181111216545105, 0.826888918876648, 0.8284444808959961, 0.8303333520889282, 0.8346666693687439, 0.840666651725769, 0.8377777934074402, 0.8400000333786011, 0.8547778129577637, 0.8424444794654846], "validation/loss": [0.01993386074900627, 0.0056358277797698975, 0.0040367599576711655, 0.0037808846682310104, 0.0034279031679034233, 0.003385343588888645, 0.004676672630012035, 0.004250559024512768, 0.0028693671338260174, 0.004710274748504162, 0.0034635073971003294, 0.0022543007507920265, 0.003080892376601696, 0.0019742087461054325, 0.0019157310016453266, 0.0021359568927437067, 0.0018978847656399012, 0.002255067229270935, 0.0018347309669479728, 0.002109083579853177, 0.001591308624483645, 0.0022059627808630466, 0.0025547670666128397, 0.0015593981370329857, 0.0017959738615900278, 0.001865950645878911, 0.003006072249263525, 0.001985077280551195, 0.0019247867166996002, 0.002073535230010748, 0.0018139731837436557, 0.0025307442992925644, 0.0016247957246378064, 0.0020185657776892185, 0.0021496384870260954, 0.0017190027283504605, 0.001373401377350092, 0.0016051820712164044, 0.0023163468576967716, 0.0011976785026490688, 0.0026795093435794115, 0.002669763984158635, 0.0016936943866312504, 0.0014185775071382523, 0.0019513252191245556, 0.002125684404745698, 0.004673090763390064, 0.0017415323527529836, 0.00129511090926826, 0.0015248404815793037, 0.0020241509191691875, 0.0012363403802737594, 0.0019326208857819438, 0.002002282999455929, 0.0016262318240478635, 0.0016225678846240044, 0.0019369832007214427, 0.0026986650191247463, 0.001921387854963541, 0.0016287347534671426, 0.001548674190416932, 0.0013196971267461777, 0.0018711681477725506, 0.0013127608690410852, 0.0013997746864333749, 0.0014736847952008247, 0.001214836724102497, 0.0015733985928818583, 0.001943632261827588, 0.0018941141897812486, 0.0016009629471227527, 0.0017206593183800578, 0.001335093635134399, 0.001270584180019796, 0.0015897804405540228, 0.0013497450854629278, 0.0032459255307912827, 0.0015204889932647347, 0.0014683845220133662, 0.0014632528182119131, 0.003644354175776243, 0.0015526402276009321, 0.0019442157354205847, 0.0018996098078787327, 0.0018170552793890238, 0.0015484265750274062, 0.0016739735146984458, 0.0016415966674685478, 0.0018183193169534206, 0.001614342094399035, 0.0016162380343303084, 0.0027776360511779785, 0.003299675416201353, 0.002077573910355568, 0.0020079391542822123, 0.0018480350263416767, 0.002167148981243372, 0.0021935380063951015, 0.002069548238068819, 0.0021571696270257235],