{"train/loss": [3.422135299090089, 2.3920203709672725, 1.930200305233813, 1.5792204431193986, 1.2859187809241315, 1.0548271271613323, 0.8506029862724245, 0.6790605497978007, 0.5470229558818457, 0.4513790076937941, 0.37939190206656026, 0.3227575423969991, 0.2864762033671141, 0.2588468817116486, 0.22494442335785264, 0.1971170705196758, 0.17439825893224528, 0.1568868348724209, 0.14119067033685537, 0.1283446278241463, 0.11755515952698059, 0.1081801554305065, 0.09984885231850463, 0.09272071049383118, 0.0865624671527702, 0.08087926444041336, 0.0754533427093799, 0.07077037938373784, 0.06692272524587396, 0.0629890412351427, 0.059311854372706474, 0.056037382306841514, 0.053212738310762994, 0.05025938600785513, 0.0476426880655862, 0.04529126334917318, 0.04312661516004139, 0.041129946905576316, 0.0393369548807257, 0.037649058606811905, 0.03599151949321903, 0.034604377760965796, 0.032757727982709185, 0.03166223355576707, 0.03032723184443441, 0.02907391292992462, 0.028309957714803106, 0.026996918195030757, 0.02608398644185056, 0.02506312384524952], "train/acc": [0.2917777895927429, 0.6274444460868835, 0.7921110987663269, 0.8741111159324646, 0.9202222228050232, 0.9449999928474426, 0.9706667065620422, 0.9857777953147888, 0.9953333735466003, 0.9971111416816711, 0.9985555410385132, 0.9994444847106934, 0.9977777600288391, 0.9975555539131165, 0.9993333220481873, 0.9997777938842773, 1.0, 1.0, 1.0, 1.0, 1.0, 1.0, 1.0, 1.0, 1.0, 1.0, 1.0, 1.0, 1.0, 1.0, 1.0, 1.0, 1.0, 1.0, 1.0, 1.0, 1.0, 1.0, 1.0, 1.0, 1.0, 1.0, 1.0, 1.0, 1.0, 1.0, 1.0, 1.0, 1.0, 1.0], "validation/loss": [4.030935650683939, 3.381562239451334, 2.6259973116423936, 2.0580044179856776, 1.6654349638521673, 1.589057624058798, 1.2436971871946008, 1.477298651656136, 1.2801152696982026, 1.3365499662794174, 1.276966094058007, 1.2916514304438607, 1.9600834466842936, 1.2170370519696736, 1.0491580228079112, 0.9620596982287243, 1.285907367486041, 0.9771653201319277, 0.830282995897811, 0.7951974608129821, 0.7605712492130697, 0.6838535564644262, 0.6723106668428518, 0.6627504879999906, 0.6639158787014894, 0.6575603127097711, 0.6554583076164127, 0.6576277804425917, 0.6574987210612744, 0.6594516478984151, 0.6607922742366791, 0.6578117691515944, 0.6609452658549417, 0.6596375755534973, 0.6608627304201946, 0.6629274420170114, 0.660563499049982, 0.6610087337224977, 0.664312852423871, 0.6649435000099475, 0.6694294737187447, 0.6691535328885074, 0.6714573742197827, 0.6715620318229776, 0.673093339108862, 0.6745482135574566, 0.6807377927177586, 0.6802811395204627, 0.677384156137472, 0.6814870674223639], "validation/acc": [0.10600000619888306, 0.3530000150203705, 0.4140000343322754, 0.7550000548362732, 0.8170000314712524, 0.7460000514984131, 0.843000054359436, 0.7480000257492065, 0.7860000133514404, 0.7470000386238098, 0.7750000357627869, 0.7460000514984131, 0.6210000514984131, 0.7660000324249268, 0.8020000457763672, 0.8350000381469727, 0.7510000467300415, 0.8190000653266907, 0.8540000319480896, 0.8660000562667847, 0.8650000691413879, 0.8820000290870667, 0.8890000581741333, 0.8890000581741333, 0.8870000243186951, 0.8920000195503235, 0.893000066280365, 0.8910000324249268, 0.8890000581741333, 0.89000004529953, 0.89000004529953, 0.8910000324249268, 0.8880000710487366, 0.8890000581741333, 0.8890000581741333, 0.8870000243186951, 0.8920000195503235, 0.8910000324249268, 0.8940000534057617, 0.89000004529953, 0.8870000243186951, 0.8910000324249268, 0.8890000581741333, 0.89000004529953, 0.8870000243186951, 0.8860000371932983, 0.8860000371932983, 0.8860000371932983, 0.89000004529953, 0.8860000371932983], "train/batch_loss": [4169.095402833074, 2634.1443641074, 2089.072643902153, 1702.1562197040766, 1385.4296142049134, 1117.81028868258, 940.147651379928, 727.5442094430327, 584.7402221690863, 482.735957486555, 414.9061004538089, 340.9302424201742, 304.5452357986942, 294.199965887703, 239.36798289883882, 203.09134042775258, 181.81128791254014, 167.7042015264742, 146.35810257028788, 135.02790133701637, 121.4123608879745, 112.76071967417374, 102.70484307408333, 95.62107560550794, 90.08450778154656, 83.36474104924127, 77.24949439428747, 71.9843010022305, 68.15447091311216, 64.43954823957756, 60.819411197910085, 57.63540894142352, 54.01837258390151, 51.02797733829357, 48.45492228702642, 46.084954963997006, 43.980268286773935, 41.86706587346271, 39.943848822964355, 38.23528841743246, 36.3233280365821, 34.89314700034447, 33.647333822678775, 32.180879964726046, 30.972484158235602, 29.532190137775615, 29.33532085304614, 27.41652120591607, 26.491092005278915, 25.235191849060357]}