{"train/loss": [3.4682758415122, 2.404894100141854, 1.954608182626673, 1.6376713781249193, 1.3862919761758918, 1.180746953110728, 1.0240991400009436, 0.9121195871847578, 0.8093071362007823, 0.7356415751498814, 0.6590637140977714, 0.6039673129202178, 0.518208409764416, 0.47628407123684885, 0.4441888982207618, 0.43813164712739594, 0.4165182307443013, 0.3679749894742854, 0.3430878666081052, 0.32620789608977635, 0.2988647456471291, 0.3003156650694501, 0.27757451021371204, 0.27141181309898904, 0.2559569125985727, 0.24234022642765196, 0.23141691251243984, 0.2085015994225784, 0.22846834903104335, 0.21728625794789858, 0.2057353663046896, 0.1975952645586545, 0.18492048779825887, 0.1722504543895937, 0.16423419495042052, 0.1612808244589768, 0.14604511813829757, 0.13935782489306037, 0.12936681173807787, 0.13730997225212763, 0.12760284290139357, 0.14708351778749945, 0.1356468043099481, 0.1145290021382906, 0.11256902624398936, 0.10807252238922391, 0.09821924448248724, 0.10931713503793193, 0.10466919788425892, 0.10723714447411477], "train/acc": [0.2984444499015808, 0.6567777991294861, 0.7829999923706055, 0.8325555920600891, 0.8694444298744202, 0.8941110968589783, 0.9066666960716248, 0.9110000133514404, 0.9188889265060425, 0.9212222099304199, 0.9336667060852051, 0.9319999814033508, 0.9506666660308838, 0.9521111249923706, 0.9501111507415771, 0.9491111040115356, 0.9512222409248352, 0.9582222104072571, 0.9626666903495789, 0.9620000123977661, 0.9661111235618591, 0.9631111025810242, 0.9660000205039978, 0.9662222266197205, 0.9695555567741394, 0.9712222218513489, 0.9713333249092102, 0.9760000109672546, 0.9694444537162781, 0.9717777967453003, 0.9740000367164612, 0.9740000367164612, 0.9753333330154419, 0.9783333539962769, 0.9790000319480896, 0.980222225189209, 0.9803333282470703, 0.9824444651603699, 0.9857777953147888, 0.9814444780349731, 0.9846667051315308, 0.9791111350059509, 0.9835555553436279, 0.9853333234786987, 0.9861111044883728, 0.9867777824401855, 0.9875555634498596, 0.9862222075462341, 0.9874444603919983, 0.9848889112472534], "validation/loss": [4.0952456411854365, 3.5180162894045934, 2.736726795690134, 2.029946404654533, 1.8728829431012273, 1.7920377277750523, 1.478297683394514, 2.1617219833247363, 1.8377673499211669, 0.9806600838401355, 0.8645492046703585, 0.9618585761161521, 1.0845351443365217, 1.3277127273960505, 1.353538716685027, 0.9550270438753069, 0.9704213400026783, 1.0442206896678545, 0.8349066045666114, 1.3218706287108362, 0.9666751015577465, 0.5556747046583332, 1.139054410777986, 0.7715246561819222, 0.932230355612468, 0.5771861743319314, 0.6410427544321865, 0.6970032004889799, 1.0343245012839326, 1.1263342377732042, 1.4855429964116775, 0.8682052279245108, 0.6148309917198495, 1.4113381029953016, 0.4199012872294989, 0.8367132906551706, 0.7013875272172736, 0.3374782490109792, 0.36810651778557807, 0.6827879403651459, 1.4026601991044592, 1.0827588418456726, 0.8557699374422664, 1.169217844036699, 0.5868083929265849, 0.6424814957401249, 0.7991603073697771, 1.4844446751368814, 0.5237586685877177, 1.2664488879507407], "validation/acc": [0.09700000286102295, 0.17400000989437103, 0.5230000019073486, 0.6920000314712524, 0.6780000329017639, 0.6530000567436218, 0.734000027179718, 0.5800000429153442, 0.6200000047683716, 0.8390000462532043, 0.8630000352859497, 0.8380000591278076, 0.8180000185966492, 0.7400000095367432, 0.7490000128746033, 0.8190000653266907, 0.8240000605583191, 0.8180000185966492, 0.8510000109672546, 0.7670000195503235, 0.8370000123977661, 0.9050000309944153, 0.800000011920929, 0.8600000143051147, 0.8400000333786011, 0.9000000357627869, 0.8860000371932983, 0.8800000548362732, 0.8070000410079956, 0.8020000457763672, 0.7440000176429749, 0.8520000576972961, 0.8990000486373901, 0.7500000596046448, 0.9290000200271606, 0.8570000529289246, 0.8880000710487366, 0.9460000395774841, 0.937000036239624, 0.8850000500679016, 0.7660000324249268, 0.8320000171661377, 0.8670000433921814, 0.8010000586509705, 0.9010000228881836, 0.8940000534057617, 0.8750000596046448, 0.7610000371932983, 0.9140000343322754, 0.7910000085830688], "train/batch_loss": [4307.428555600345, 2707.5701521034352, 2112.516865757294, 1760.5842523910105, 1477.3176796585321, 1279.7998437397182, 1110.9442183393985, 945.7810931298882, 835.7891853228211, 752.7433750480413, 676.4065518788993, 610.7161987014115, 523.8254882153124, 504.5242760744877, 438.64167539589107, 472.756289338693, 471.6043549676542, 370.9705058145337, 333.43838342279196, 328.0696814558469, 297.27777504501864, 325.29997878568247, 251.04429939202964, 269.7122061494738, 247.89716868661344, 231.58058990584686, 223.24213200248778, 188.39561227336526, 218.28000612230971, 239.86547051509842, 209.83026782562956, 223.73867036169395, 162.46662372606806, 165.82892164052464, 155.41093889810145, 175.63745767367072, 152.946631338913, 115.57736517779995, 127.63875563861802, 188.89353539189324, 144.3558600951219, 157.9770959300222, 142.83041489229072, 100.0086516275187, 139.10373972938396, 101.90421651664656, 79.60823613265529, 113.56404827802908, 135.1690568740014, 118.22360472148284]}