{"train/loss": [4.105817873290678, 3.290397282541103, 2.958084896530024, 2.7375870627781747, 2.5882491381923596, 2.4699700443212045, 2.3635815320865254, 2.280777694235403, 2.2164355543169805, 2.1602281896335214, 2.1125867026227336, 2.0685725574542304, 2.030683246587615, 1.9985175252825431, 1.9667807914209197, 1.9327721862750284, 1.9062867604493676, 1.8754030612123478, 1.8507162570782532, 1.8271138514899552, 1.7974897448896858, 1.7750107926576717, 1.7522413751639463, 1.727437977446754, 1.710547049974389, 1.685302694332954, 1.6644534717323818, 1.6494349225157672, 1.6296116014473292, 1.608737352368131, 1.590332230774925, 1.5710851090700826, 1.5517176845099685, 1.5362153312862696, 1.5155066076913564, 1.5037575461720634, 1.484554238348349, 1.4700961339484848, 1.4534431190191601, 1.43850578588739, 1.422644520903032, 1.4058297980652457, 1.3922770934597648, 1.3756373302229654, 1.3611207764575568, 1.3505247002447205, 1.3358138136112443, 1.3212114427652317, 1.308147436463714, 1.2953950213745444, 1.2840406989258983, 1.271301767932264, 1.259456100057138, 1.2459232739885338, 1.2329309920932476, 1.2202479858590265, 1.2089959350431907, 1.1984351045667556, 1.1852745175546604, 1.175833479904311, 1.161946525877872, 1.1580762244817906, 1.1450674453702976, 1.1332921336492938, 1.1203986199755842, 1.1108595204170173, 1.1055854370377234, 1.0902421091708563, 1.082073798247264, 1.0711896259033884, 1.0602802804182283, 1.0531066217856069, 1.040366964066194, 1.0331997908584567, 1.0245098091408662, 1.014434917099981, 1.0079191387849342, 0.9997941556154855, 0.9885109636679603, 0.9834913481516867, 0.9741264642272145, 0.9644302901373918, 0.957022297635985, 0.9483439254087086, 0.9419049654644397, 0.9333115857920655, 0.9259497927203839, 0.917835960247554, 0.9106398359729598, 0.902205317620395, 0.8940462920496034, 0.8870776066993777, 0.8850473286571603, 0.875763195421909, 0.8674838527030209, 0.8623236500227099, 0.855004853721126, 0.8471303298952473, 0.8397126481338508, 0.8322996135318859], "train/acc": [0.17766666412353516, 0.33944445848464966, 0.46977779269218445, 0.6075555682182312, 0.7008888721466064, 0.7707777619361877, 0.819444477558136, 0.8408889174461365, 0.8678889274597168, 0.8808888792991638, 0.8917778134346008, 0.9033333659172058, 0.9116666913032532, 0.9169999957084656, 0.9227777719497681, 0.9297778010368347, 0.9303333163261414, 0.93622225522995, 0.9404444694519043, 0.944444477558136, 0.9477778077125549, 0.9493333697319031, 0.9546666741371155, 0.9575555920600891, 0.9561111330986023, 0.9603333473205566, 0.960111141204834, 0.9617778062820435, 0.9628888964653015, 0.9666666984558105, 0.9701111316680908, 0.9693333506584167, 0.9691111445426941, 0.96833336353302, 0.9755555391311646, 0.9718888998031616, 0.9758889079093933, 0.9746666550636292, 0.9786666631698608, 0.9752222299575806, 0.9777777791023254, 0.9810000061988831, 0.9803333282470703, 0.9824444651603699, 0.9824444651603699, 0.9830000400543213, 0.983222246170044, 0.9850000143051147, 0.9844444394111633, 0.9865555763244629, 0.9850000143051147, 0.9853333234786987, 0.987333357334137, 0.9869999885559082, 0.9877777695655823, 0.9898889064788818, 0.9892222285270691, 0.9909999966621399, 0.9906666874885559, 0.9906666874885559, 0.9916666746139526, 0.9898889064788818, 0.991777777671814, 0.992222249507904, 0.9916666746139526, 0.9935555458068848, 0.9907777905464172, 0.9947777986526489, 0.9942222237586975, 0.9937778115272522, 0.995555579662323, 0.9947777986526489, 0.9952222108840942, 0.9956666827201843, 0.9953333735466003, 0.9951111078262329, 0.9945555925369263, 0.9954444766044617, 0.9965555667877197, 0.9950000047683716, 0.995888888835907, 0.9959999918937683, 0.9972222447395325, 0.9967777729034424, 0.9965555667877197, 0.9972222447395325, 0.9976666569709778, 0.9971111416816711, 0.9975555539131165, 0.9975555539131165, 0.9980000257492065, 0.9980000257492065, 0.9967777729034424, 0.9978889226913452, 0.9987778067588806, 0.9981111288070679, 0.9981111288070679, 0.9984444379806519, 0.9982222318649292, 0.9988889098167419], "validation/loss": [4.077197152315186, 3.8131318711752464, 3.803752854616032, 3.109416723798146, 2.752513149873761, 2.7409385482521174, 2.570457023715018, 2.4498519030809405, 2.416930907702874, 2.364247953250131, 2.260568438800652, 2.2455402627639707, 2.26498011832498, 2.3155509666452416, 2.084171198942233, 2.2509123974188117, 2.1208960151714273, 2.0670392453894166, 1.9485478481177707, 2.0086993357954963, 1.9053889819026226, 2.0555156365842557, 1.988577229464194, 1.8625736978828353, 1.8160372309316881, 1.8028687815815938, 1.834034989494132, 1.8035458801738569, 1.8355101785589942, 1.8017611354477705, 1.7860550629876961, 1.6984120977735147, 1.6596492987154052, 1.6504369130292909, 1.6408819668206853, 1.7803873912013368, 1.601551066953456, 1.5974889287950937, 1.6773103236522293, 1.5794323650151492, 1.552809720870806, 1.5244039197927342, 1.5265603959040601, 1.5521641866313294, 1.500542621784145, 1.4676646139919758, 1.4841790936649777, 1.482832852252759, 1.4390932521121578, 1.4269363173022866, 1.5169814758319409, 1.4033268231942202, 1.399309306519106, 1.3992574832874816, 1.3939483444439247, 1.374503187706694, 1.3409168703882024, 1.3667494529616089, 1.3793579064921941, 1.3400013570524751, 1.322854916498065, 1.3749478974505327, 1.2860284982729937, 1.256414478501305, 1.2674741085013375, 1.2884545954498463, 1.2514861751310529, 1.288552666363772, 1.2410939587159082, 1.2085493591770065, 1.2500449852170423, 1.2299621196615045, 1.2085024776640347, 1.1729478534439113, 1.1577055546920747, 1.1320556162521243, 1.1678480389723553, 1.1675454237515805, 1.1790178539142944, 1.1886726300269366, 1.1203492302992382, 1.2085581053491914, 1.1345844309292734, 1.0919742858703247, 1.0945552670676262, 1.09082972880546, 1.0613051547575743, 1.0780932621634565, 1.0834199599670247, 1.1869706352702343, 1.1316611801085528, 1.0932402327167803, 1.0662624410130084, 1.0450212008468807, 1.0121268096365965, 1.015566319794627, 0.9887670313753187, 0.9774534970521928, 0.9727771223764867, 0.9715587599170394], "validation/acc": [0.10900000482797623, 0.2110000103712082, 0.13900001347064972, 0.35100001096725464, 0.625, 0.6300000548362732, 0.7170000076293945, 0.7610000371932983, 0.7440000176429749, 0.7680000066757202, 0.8050000667572021, 0.7970000505447388, 0.7790000438690186, 0.7480000257492065, 0.8600000143051147, 0.7730000615119934, 0.8250000476837158, 0.859000027179718, 0.8920000195503235, 0.8690000176429749, 0.9190000295639038, 0.8380000591278076, 0.8370000123977661, 0.8950000405311584, 0.909000039100647, 0.921000063419342, 0.9020000696182251, 0.9000000357627869, 0.8770000338554382, 0.8840000629425049, 0.8820000290870667, 0.9280000329017639, 0.9390000700950623, 0.9280000329017639, 0.9270000457763672, 0.8600000143051147, 0.9270000457763672, 0.9300000667572021, 0.89000004529953, 0.9230000376701355, 0.9240000247955322, 0.9300000667572021, 0.9300000667572021, 0.9050000309944153, 0.9300000667572021, 0.937000036239624, 0.9170000553131104, 0.9250000715255737, 0.9380000233650208, 0.9330000281333923, 0.8960000276565552, 0.9360000491142273, 0.9390000700950623, 0.9290000200271606, 0.9390000700950623, 0.9300000667572021, 0.9420000314712524, 0.921000063419342, 0.9220000505447388, 0.9320000410079956, 0.9360000491142273, 0.9130000472068787, 0.937000036239624, 0.9530000686645508, 0.9390000700950623, 0.9340000152587891, 0.9410000443458557, 0.9250000715255737, 0.9340000152587891, 0.9520000219345093, 0.9320000410079956, 0.9320000410079956, 0.9420000314712524, 0.9510000348091125, 0.9530000686645508, 0.9550000429153442, 0.9380000233650208, 0.9410000443458557, 0.940000057220459, 0.9220000505447388, 0.9480000734329224, 0.9140000343322754, 0.9380000233650208, 0.9520000219345093, 0.9460000395774841, 0.9520000219345093, 0.9520000219345093, 0.9450000524520874, 0.9430000185966492, 0.9050000309944153, 0.9240000247955322, 0.937000036239624, 0.9340000152587891, 0.9450000524520874, 0.9600000381469727, 0.9510000348091125, 0.9590000510215759, 0.9580000638961792, 0.9580000638961792, 0.9570000171661377],