{"train/loss": [4.248476240665238, 4.081283731802263, 4.062815337867994, 3.922965948259251, 3.8374989491038853, 3.8266376951369976, 3.821460674080584, 3.8200559688342945, 3.8194801673922276, 3.818863437775109, 3.818877314852344, 3.818544113367796, 3.816889398876164, 3.8044726702835825, 3.834525833297107, 3.829005796185798, 3.821477779150009, 3.8160495324995782, 3.8117425977157224, 3.8042321170419457, 3.785130068394045, 3.892438116781461, 3.824318265663046, 3.742845030381862, 3.6588524194162653, 3.5437027493215476, 3.4926099930225565, 3.4255118496363157, 3.379398704364482, 3.3540024134930637, 3.3208950532751365, 3.275274594852908, 3.2852842403425218, 3.3016350421868266, 3.132429263284456, 3.00664893272188, 2.851484449279545, 2.8776637881730447, 2.6857826237671576, 2.4971520690369715, 2.4446915363791004, 2.358327443240219, 2.1550234743700587, 2.104391252904408, 1.860383667150966, 1.7991858185001903, 1.665357516894892, 1.4614153021316976, 1.313033063509627, 1.3294223233862712, 1.0466506319160405, 0.954189741811052, 1.0106517901711989, 0.7312754504942178, 0.5287813279101611, 0.3753117957948789, 0.3003674384153469, 0.24166698182227994, 0.34906436320075646, 0.24095691053869647, 0.21671586028142428, 0.26380924155965046, 0.3787378913637679, 0.1760122476100055, 0.09599223618133049, 0.06374949494656994, 0.056118149201011984, 0.048542157093127154, 0.03926291997590023, 0.0333474894639495, 0.029900472970575367, 0.02641406575321878, 0.024265084984520763, 0.02433055599241638, 0.023767881071644202, 0.019437916446339347, 0.01698470140646151, 0.015608492539874615, 0.014706404204463433, 0.014388173759380982, 0.012778639374031205, 0.012550025475400788, 0.011604913909418561, 0.010983527814730287, 0.009949818579104715, 0.010060629106543281, 0.008132693205668165, 0.007677869212007206, 0.007611735425230607, 0.008179071360214292, 0.007727503566477178, 0.006709399726689328, 0.006169014212211604, 0.005470720192756877, 0.005245175470679371, 0.004873362895963258, 0.0049494487933954626, 0.004686162206590484, 0.004044529863162179, 0.0037338575492633745], "train/acc": [0.06222222372889519, 0.0685555562376976, 0.0685555562376976, 0.06844444572925568, 0.0658888891339302, 0.06700000166893005, 0.07022222131490707, 0.06288889050483704, 0.06866666674613953, 0.0689999982714653, 0.06688889116048813, 0.0707777813076973, 0.0707777813076973, 0.0998888909816742, 0.07822222262620926, 0.06911110877990723, 0.07011111080646515, 0.06733333319425583, 0.07022222131490707, 0.06833333522081375, 0.06533333659172058, 0.10133333504199982, 0.08911111205816269, 0.12300000339746475, 0.1335555613040924, 0.13066667318344116, 0.13911111652851105, 0.16022221744060516, 0.17988888919353485, 0.19455555081367493, 0.2074444442987442, 0.21877777576446533, 0.2070000022649765, 0.20488889515399933, 0.24544444680213928, 0.2661111056804657, 0.29511111974716187, 0.2737777829170227, 0.31700000166893005, 0.36355555057525635, 0.382666677236557, 0.40344443917274475, 0.4620000123977661, 0.4588888883590698, 0.5371111035346985, 0.5417777895927429, 0.5958889126777649, 0.6565555334091187, 0.7093333601951599, 0.7096666693687439, 0.7984444499015808, 0.8193333148956299, 0.7983333468437195, 0.8720000386238098, 0.9144444465637207, 0.9464444518089294, 0.9578889012336731, 0.9696666598320007, 0.9464444518089294, 0.9678888916969299, 0.9678888916969299, 0.9588888883590698, 0.9404444694519043, 0.9764444828033447, 0.9890000224113464, 0.9928889274597168, 0.9933333396911621, 0.9937778115272522, 0.9942222237586975, 0.9950000047683716, 0.995555579662323, 0.9972222447395325, 0.9970000386238098, 0.9973333477973938, 0.9968888759613037, 0.9982222318649292, 0.9984444379806519, 0.9985555410385132, 0.9985555410385132, 0.9986667037010193, 0.9987778067588806, 0.9986667037010193, 0.9986667037010193, 0.9987778067588806, 0.9987778067588806, 0.9987778067588806, 0.9990000128746033, 0.9990000128746033, 0.9988889098167419, 0.9987778067588806, 0.9988889098167419, 0.9990000128746033, 0.9991111159324646, 0.9992222189903259, 0.9995555877685547, 0.9992222189903259, 0.9994444847106934, 0.9993333220481873, 0.9995555877685547, 0.999666690826416], "validation/loss": [4.0812849915772675, 4.076355278804899, 4.032496893696487, 3.8226181130707264, 3.8392581130266192, 3.823242501527071, 3.8221894987225533, 3.82039251306653, 3.8200727046728136, 3.8200677430927756, 3.8191923422515393, 3.8194382173120975, 3.815721928834915, 3.765937048792839, 3.83034081274271, 3.8275082553625106, 3.8200816065371037, 3.8157147226631642, 3.809054587095976, 3.798415286079049, 3.746991659142077, 3.9205694507844746, 3.797230153888464, 3.6201349453516305, 3.5379783405661582, 3.540262917233631, 3.478352599210106, 3.380362013576552, 3.358829584450461, 3.332741546167061, 3.294612600868568, 3.2563748854007573, 3.44644830526039, 3.229986297989264, 3.11008312662784, 2.992895814740681, 2.84861345420653, 2.8831508594024875, 2.6306333704972475, 2.548815041111981, 2.5281362148570925, 2.4613252140683275, 2.439974581433071, 2.2112426808302246, 2.1030709892244297, 2.0634592690639373, 2.092431102260134, 1.912672955205327, 2.0237146209370462, 1.8975034961811361, 1.850567867899627, 1.7603586660693078, 1.6482342766135785, 1.588113427283574, 1.705753680704803, 1.7839322530007882, 1.9404761623962614, 2.289046996123243, 2.2503208739933016, 1.9658450881122673, 1.8760176673340054, 2.38789672013782, 1.8067420236858458, 1.9684595428040337, 1.9882218122129844, 1.9620192939783738, 2.053354571331144, 2.2273542687341257, 2.213109804015527, 2.1583400457753528, 2.2132159584354687, 2.2656998795114798, 2.291314987972335, 2.393449163947256, 2.3779055975838554, 2.341977659221336, 2.4334415065162314, 2.471001967424889, 2.481010545685401, 2.5360642429444344, 2.548415691849301, 2.6899949068995737, 2.6922087456109747, 2.711520436388877, 2.740928564423523, 2.8181429776807105, 2.92162604796658, 2.952261382397829, 2.968110523934789, 2.9591007668613947, 3.030995936641499, 3.05438901397836, 3.0930442874075617, 3.1795209623528335, 3.205764395279149, 3.2792240213867068, 3.325717492008078, 3.32866909828484, 3.388651262400128, 3.4320181367605556],