{"train/loss": [4.113438915862702, 3.5613055670627833, 3.1422057697728225, 2.810746061177355, 2.5383433189165467, 2.282602477735788, 2.0630071417571356, 1.8439505491895705, 1.6490136806287596, 1.4819810483231624, 1.3289962556257509, 1.1957544757649303, 1.0956437388927056, 0.9920498990373324, 0.9102177961244144, 0.8343015983708514, 0.7732678585657075, 0.7172786582507349, 0.6746847939483382, 0.6233703479250221, 0.5828838914683244, 0.5540539549116705, 0.5170254746409547, 0.4932569014412584, 0.4619050631820121, 0.439618845387847, 0.42082917324720054, 0.40000144332333004, 0.3643666702494698, 0.3610616203964003, 0.33106461981433355, 0.31812913834535805, 0.30602069494106887, 0.2913131202643191, 0.28260565801644083, 0.27393302387974916, 0.26427559796818406, 0.2413897944266161, 0.24103490210451453, 0.22384653621986542, 0.2175764243010223, 0.20602859147494829, 0.20174406340231912, 0.19235946744466492, 0.1811031094875442, 0.17470765963991208, 0.1692910461234763, 0.17019929165826195, 0.16243161170136752, 0.16261495984435492, 0.15636598834473828, 0.14571576950152507, 0.14554213313893707, 0.13392560375488433, 0.12713438755578843, 0.12528171023226162, 0.12613811660671045, 0.1277025782212216, 0.11187116507609629, 0.11246692786702644, 0.11349673935142023, 0.1048034336505706, 0.1024790566548351, 0.09647021016556735, 0.09465291334227692, 0.09845629725379736, 0.09102471315189724, 0.08834927486888249, 0.08291714317111766, 0.0812090196694735, 0.08106931482633808, 0.08071673602163547, 0.07440853184887863, 0.07265939075304677, 0.07092435698916577, 0.06762948903069062, 0.06565506021653801, 0.06623813300101483, 0.06427497027487324, 0.059310777214717246, 0.059245216425900964, 0.05522169705048353, 0.05542487860700648, 0.051394366818444726, 0.054387797997797714, 0.0517454723491904, 0.04927509900698937, 0.04779633549578376, 0.04692701749137086, 0.048900692708020214, 0.04863900129023978, 0.04553478268583745, 0.04525969625714451, 0.042034097487124326, 0.04470546128300584, 0.04321656074330703, 0.04067221867076893, 0.03989376147957556, 0.03802553188311029, 0.035010998493883665], "train/acc": [0.10566666722297668, 0.24755555391311646, 0.3444444537162781, 0.48277777433395386, 0.609333336353302, 0.7089999914169312, 0.7687777876853943, 0.8260000348091125, 0.867555558681488, 0.8866666555404663, 0.904888927936554, 0.9237777590751648, 0.9274444580078125, 0.9363333582878113, 0.940666675567627, 0.9471111297607422, 0.9474444389343262, 0.952666699886322, 0.9515555500984192, 0.9595555663108826, 0.9605555534362793, 0.9610000252723694, 0.9655555486679077, 0.9691111445426941, 0.9693333506584167, 0.9703333377838135, 0.9698889255523682, 0.9707778096199036, 0.9760000109672546, 0.9742222428321838, 0.9776666760444641, 0.9788889288902283, 0.9792222380638123, 0.9800000190734863, 0.9807778000831604, 0.9807778000831604, 0.9804444313049316, 0.9863333702087402, 0.9828888773918152, 0.9862222075462341, 0.9861111044883728, 0.9875555634498596, 0.9857777953147888, 0.9890000224113464, 0.9897778034210205, 0.9896667003631592, 0.9893333315849304, 0.9898889064788818, 0.9890000224113464, 0.9883333444595337, 0.9903333187103271, 0.9932222366333008, 0.9911110997200012, 0.9930000305175781, 0.9942222237586975, 0.9933333396911621, 0.9928889274597168, 0.9915555715560913, 0.9951111078262329, 0.9945555925369263, 0.9931111335754395, 0.9938889145851135, 0.9936666488647461, 0.9954444766044617, 0.9940000176429749, 0.9940000176429749, 0.9957777857780457, 0.995888888835907, 0.996666669845581, 0.996666669845581, 0.995888888835907, 0.9963333606719971, 0.9972222447395325, 0.9973333477973938, 0.9964444637298584, 0.9976666569709778, 0.9974444508552551, 0.9973333477973938, 0.9963333606719971, 0.9976666569709778, 0.9976666569709778, 0.9987778067588806, 0.9986667037010193, 0.9990000128746033, 0.9984444379806519, 0.9985555410385132, 0.9982222318649292, 0.9990000128746033, 0.9991111159324646, 0.9985555410385132, 0.9983333349227905, 0.9987778067588806, 0.9988889098167419, 0.9993333220481873, 0.9986667037010193, 0.9986667037010193, 0.9993333220481873, 0.9991111159324646, 0.9993333220481873, 0.9994444847106934], "validation/loss": [4.177519309898373, 3.9492638274551863, 3.503522062010132, 3.1078041274053976, 2.5281392794372515, 2.313734576283954, 2.087511600684375, 1.940939126319252, 1.67186844413355, 1.8027036144491286, 1.3951463608145713, 1.4159150677679573, 1.1049902324825525, 1.2254008160484955, 1.0803162034815177, 0.8631602952787653, 0.8813013358330354, 0.7522060009348206, 0.8042878735447303, 0.6074607319892384, 0.6490742469555698, 0.6717506677322089, 0.5857216352627147, 0.6570839141679462, 0.5743536099770572, 0.4974722423113417, 0.6407804323481396, 0.4714489831677638, 0.489671048450633, 0.5401306226374581, 0.7121212843094255, 0.5116517070214032, 0.4190399150479352, 0.4156938780268538, 0.40159091364312915, 0.9169192271550128, 0.4008644071060116, 0.3893191637872369, 0.3983299879837432, 0.6857302330299281, 0.4784171965130663, 0.2985966355304117, 0.42642734305828345, 0.5207501737917483, 0.3715507905064151, 0.36594254183256997, 0.3911501605267404, 0.29854827642440795, 0.5516950192314544, 0.3049242159018177, 0.642179333887747, 0.31251348596953904, 0.31648836959793697, 0.45183013855195897, 0.32634099853871157, 0.33199849750449356, 0.5053247238134354, 0.3666311337190709, 0.3209588727302762, 0.2710580718479032, 0.3391292404100823, 0.3737664098502864, 0.3221292383155815, 0.27733709100967097, 0.3042816494126455, 0.4397323267086613, 0.32409168328491067, 0.3724088746261332, 0.3861393728961193, 0.4216036798076675, 0.33793444604014805, 0.3515383420975413, 0.2568093380874489, 0.28323620977182873, 0.5046511305138047, 0.2671935280604084, 0.30632384806574553, 0.284865013359904, 0.2616464173075583, 0.31126787509318093, 0.2752196675105297, 0.3651002027972645, 0.2568780243403198, 0.2759994187334196, 0.37531315418771555, 0.26440834634807836, 0.2915609061611976, 0.428203549628357, 0.3230627374619362, 0.25810705470488027, 0.41856524957789953, 0.5963560086482594, 0.27058862161930664, 0.28637056282586126, 0.31108838716072934, 0.2864767823066686, 0.3877512522414581, 0.3285359138262502, 0.24918656358744193, 0.35485296370553626],