{"train/loss": [3.9930242091313835, 3.865474364999268, 3.840054020017386, 3.825703597240978, 3.8201411499877773, 3.8179976127048336, 3.8188325974875026, 3.817212056077189, 3.815918077545034, 3.812085979604059, 3.8033436638712885, 3.788650098823425, 3.8388520595563786, 3.7662705895083235, 3.6565151181927003, 3.579594071936535, 3.43869891066901, 3.38856920047257, 3.3600947959793137, 3.384598258838161, 3.3215082658927555, 3.24661199321657, 3.1935303200074125, 3.0635642589699015, 2.946852127463505, 2.8337961496053903, 2.700648745077697, 2.5787287365975935, 2.4589665574143402, 2.329584322248032, 2.229619826656636, 2.230925891855824, 2.134674857566603, 1.9360500967720626, 1.9405423381537525, 1.9227018597048047, 1.8263396435617676, 1.820708274735788, 1.5992420233735174, 1.5314193398446536, 1.3193521029077069, 1.213724370839187, 1.014841029321975, 1.0921493654912067, 0.8409495606493891, 0.698704063555199, 0.5637824356900428, 0.48351878527950737, 0.42605384445705213, 0.42691661335570785, 0.3980872349416579, 0.3467329219905892, 0.3231275353558796, 0.3041216935908667, 0.277362930268979, 0.2690586596950187, 0.2584265081982372, 0.25121142578156613, 0.23315581181293873, 0.21424717712202493, 0.21953440923534379, 0.19978225415307527, 0.19297697848633652, 0.16821547393132433, 0.1835710163779593, 0.18152628119991338, 0.14669080448444183, 0.1605257046683979, 0.1779884913380856, 0.15895954133665577, 0.16928162760482995, 0.14207278437161353, 0.14692145926698386, 0.1483976022611049, 0.13276595853634907, 0.10687715671847209, 0.1058803791159556, 0.10206079773834709, 0.11091736571087414, 0.10824277938754563, 0.1191901356879285, 0.12497050244654954, 0.10805666679642904, 0.08401661531629322, 0.09249405555861247, 0.08508682707415384, 0.08795666997264309, 0.10578479473334945, 0.07629254245856924, 0.0762139628501967, 0.07250917255179902, 0.07384841936055522, 0.0683317687127849, 0.0735134575412504, 0.07190856558822101, 0.06761334694684257, 0.0701385836293055, 0.07223146468721034, 0.06087325195843052, 0.06695449186840582], "train/acc": [0.06611111015081406, 0.06777777522802353, 0.06377778202295303, 0.06655555963516235, 0.06800000369548798, 0.0672222226858139, 0.06744444370269775, 0.06800000369548798, 0.06977777928113937, 0.06700000166893005, 0.0698888897895813, 0.08522222191095352, 0.12222222238779068, 0.11644444614648819, 0.1357777863740921, 0.1326666623353958, 0.13955555856227875, 0.14044444262981415, 0.15244445204734802, 0.15000000596046448, 0.1604444533586502, 0.18733333051204681, 0.19288888573646545, 0.22200000286102295, 0.2356666624546051, 0.2572222352027893, 0.2862222194671631, 0.31433334946632385, 0.3440000116825104, 0.37355557084083557, 0.40033334493637085, 0.4027777910232544, 0.4176666736602783, 0.46433332562446594, 0.46755555272102356, 0.4677777886390686, 0.48766666650772095, 0.500333309173584, 0.6095555424690247, 0.6367777585983276, 0.7055555582046509, 0.7434444427490234, 0.800777792930603, 0.789555549621582, 0.8516666889190674, 0.8797777891159058, 0.9024444818496704, 0.9161111116409302, 0.926111102104187, 0.9224444627761841, 0.9283333420753479, 0.9395555853843689, 0.9415555596351624, 0.945555567741394, 0.9523333311080933, 0.9512222409248352, 0.9551111459732056, 0.9552222490310669, 0.9573333263397217, 0.9634444713592529, 0.9613333344459534, 0.9633333683013916, 0.9674444794654846, 0.9682222604751587, 0.9660000205039978, 0.9672222137451172, 0.9726666808128357, 0.9718888998031616, 0.9691111445426941, 0.972444474697113, 0.9700000286102295, 0.9743333458900452, 0.9741111397743225, 0.9734444618225098, 0.9763333201408386, 0.9814444780349731, 0.9821110963821411, 0.9823333621025085, 0.9810000061988831, 0.9826666712760925, 0.9791111350059509, 0.9784444570541382, 0.9822222590446472, 0.984333336353302, 0.9834444522857666, 0.9828888773918152, 0.9846667051315308, 0.980222225189209, 0.987333357334137, 0.9863333702087402, 0.9865555763244629, 0.9862222075462341, 0.987333357334137, 0.9864444732666016, 0.9887778162956238, 0.988111138343811, 0.9878888726234436, 0.9880000352859497, 0.9891111254692078, 0.9869999885559082], "validation/loss": [3.8316415100991725, 3.8572871008217335, 3.8358960334062577, 3.8203239004313945, 3.8204526807665826, 3.8180755938589575, 3.817572630941868, 3.8188412686288356, 3.8151952840387824, 3.8092568112611773, 3.7930838814377785, 3.8503211767077445, 3.7520434392616155, 3.713333331204951, 3.677849711224437, 3.5367611054480075, 3.476251046875492, 3.4598894017655404, 3.425022894881666, 3.3696810682541694, 3.3339233482211132, 3.297177810863126, 3.173818833909929, 2.9095325990302374, 3.055771879507229, 2.801060458162079, 2.7614639211190526, 2.5696450912283, 2.4546410559511433, 2.3703739735298015, 2.2111800298655453, 2.3350322988541556, 2.057197138424533, 1.975286155261431, 2.191870206989912, 1.931932729662692, 2.023289950060792, 1.7485995819455185, 1.5810550559126613, 1.4584908762506632, 1.3488327156998343, 1.1847674299302298, 0.9754571302399886, 1.0825756161602182, 0.9103326392846213, 0.6986579360925446, 0.6118088199141338, 0.585723708904005, 0.5588523001915906, 0.48476682670391064, 0.4958239504411014, 0.42066136269683946, 0.42237638433129987, 0.39318322995430083, 0.39281454284229345, 0.42549757272341343, 0.39664846828943745, 0.3440181259855119, 0.35633116632794815, 0.3540066274313723, 0.3049245963411548, 0.34971849942100564, 0.28353178620147446, 0.29718348510571924, 0.2915063683509471, 0.26964533282738057, 0.24238669012014247, 0.25870650420314645, 0.28759847093436386, 0.3091294822675749, 0.25463105976315814, 0.279796644450515, 0.3278913882526249, 0.3049669155857664, 0.2536094561689812, 0.2824708825636389, 0.2739360217506774, 0.2536454207401405, 0.2607448473963491, 0.2585747067170429, 0.2515249909655281, 0.3124010485194742, 0.2724968120885491, 0.2394996227404402, 0.24921645537312434, 0.24821390370237376, 0.23878156714724003, 0.2862583554740298, 0.2423351123253718, 0.24248661707073849, 0.24335784903183805, 0.24647643168449604, 0.23725447509981837, 0.22281544947344936, 0.2890977786272932, 0.26146783876407553, 0.2566578991846579, 0.2280836537713006, 0.2323088952857752, 0.2391275800063059],