{"train/loss": [3.6727503642323946, 2.869174280470858, 2.2900350408311936, 1.9289747869045888, 1.6524710368539932, 1.4140814049855497, 1.2021655297902827, 1.0307245745373788, 0.892508239451175, 0.7792077070558185, 0.6918121778822452, 0.6219313265199049, 0.5646838487311809, 0.5212864369429623, 0.474958592309969, 0.4443377635438616, 0.4027326422601602, 0.3765826934366374, 0.36041240243420664, 0.33964632432875486, 0.32219997320247545, 0.29938509285702863, 0.28918774164516803, 0.27430234031429834, 0.2571499868515886, 0.23794474412347094, 0.22629181011529445, 0.21845424927808563, 0.2065868323631415, 0.19872481184400953, 0.18885317517430628, 0.18503532731691627, 0.17199446914189725, 0.16597501238175807, 0.1648858315306064, 0.1555296735488365, 0.14889269396720647, 0.14904256714120423, 0.14311207341604637, 0.13489716181473888, 0.1250274689051582, 0.12054403777988051, 0.11373788649437673, 0.11915182326404113, 0.11706564667844498, 0.10771895898191573, 0.10274179366068752, 0.09538960732778971, 0.08798782192220547, 0.09455764382147833, 0.08648374407807582, 0.08984506531752035, 0.08579246170238529, 0.08130015239575084, 0.0745903195152443, 0.07592067555965926, 0.06481166317160816, 0.06315467817489802, 0.06229362584884527, 0.06222698431911474, 0.06049386346428325, 0.055415976497327095, 0.05386397357322666, 0.0520295937292003, 0.05078966968217703, 0.05445282339598618, 0.04917491122350916, 0.04524659774188873, 0.04742228045107159, 0.04672194047481537, 0.042258883641564264, 0.03957527602240846, 0.0385236647763915, 0.03642760635154423, 0.039864354249742315, 0.03586055096272473, 0.032917323965249344, 0.03225278054085839, 0.03026863561712316, 0.033361649750145425], "train/acc": [0.1730000078678131, 0.4295555651187897, 0.6492222547531128, 0.7627778053283691, 0.8231111168861389, 0.852222204208374, 0.8809999823570251, 0.8968889117240906, 0.9061111211776733, 0.9154444336891174, 0.9224444627761841, 0.9278888702392578, 0.9334444403648376, 0.9401111006736755, 0.9442222118377686, 0.9465555548667908, 0.9520000219345093, 0.956777811050415, 0.957444429397583, 0.956777811050415, 0.960444450378418, 0.9652222394943237, 0.9641111493110657, 0.9671111106872559, 0.9698889255523682, 0.9725555777549744, 0.9754444360733032, 0.9760000109672546, 0.9779999852180481, 0.9779999852180481, 0.9787777662277222, 0.9801111221313477, 0.981333315372467, 0.9824444651603699, 0.9825555682182312, 0.9855555891990662, 0.9851111173629761, 0.9826666712760925, 0.9851111173629761, 0.9866666793823242, 0.9885555505752563, 0.9883333444595337, 0.9901111125946045, 0.987333357334137, 0.988444447517395, 0.9895555377006531, 0.9916666746139526, 0.9912222623825073, 0.9943333268165588, 0.9918888807296753, 0.9937778115272522, 0.9915555715560913, 0.9921111464500427, 0.9928889274597168, 0.9938889145851135, 0.9937778115272522, 0.9965555667877197, 0.9962222576141357, 0.9959999918937683, 0.9963333606719971, 0.9959999918937683, 0.996666669845581, 0.9971111416816711, 0.9974444508552551, 0.9963333606719971, 0.9962222576141357, 0.9973333477973938, 0.9977777600288391, 0.996666669845581, 0.9971111416816711, 0.9973333477973938, 0.9984444379806519, 0.9978889226913452, 0.9986667037010193, 0.9978889226913452, 0.9985555410385132, 0.9988889098167419, 0.9988889098167419, 0.9992222189903259, 0.9982222318649292], "validation/loss": [3.9953506727460772, 3.534809770233929, 3.4306077284486967, 2.2033285623462873, 1.7304675014317037, 1.6638232463919558, 1.4233410152597352, 1.1508690902157688, 0.9813391355357599, 0.8752161995836069, 0.8749526037883479, 0.6733948079574621, 0.81222769834043, 0.7100362734867668, 0.8788248689163447, 0.578949961148246, 0.6924753264909086, 0.5255217853810901, 0.7277372921688584, 0.724839817435728, 0.649923434351993, 0.49954604040177947, 0.68846827026151, 0.541367324433144, 0.4287307804334123, 0.5360986376560104, 0.3645103482780032, 0.5711629021246554, 0.650340710225726, 0.36806601514735665, 0.47448845886808705, 0.6265232127354048, 0.5833673502820057, 0.44141310928111305, 0.4606703522188873, 0.5171913277625699, 0.4085351955444203, 0.3258435418006411, 0.5174624382491256, 0.30784957716857936, 0.47154306111907635, 0.3815500122184926, 0.38349159637533536, 0.29080873067601126, 0.4337619767785782, 0.3061555609373122, 0.42777822744012567, 0.43199980242002356, 0.3543351321539444, 0.4111205805942941, 0.50954651527852, 0.3593519913185852, 0.3707841652858025, 0.36719923752273315, 0.3113661582902414, 0.3130066054870399, 0.2919200083556258, 0.38609007892347114, 0.3203502053225741, 0.27055341935939, 0.43091908195393935, 0.30348766826380724, 0.23815703403846056, 0.3171951926514619, 0.26279461978207863, 0.355768646512439, 0.24726789597689833, 0.3230997928916693, 0.29442197258636965, 0.2810246116579866, 0.46519728141578937, 0.2775057391847936, 0.31388151207812953, 0.35406980870224414, 0.3546997210883869, 0.2564555111818516, 0.26780380872182535, 0.24514749636141717, 0.4588245502000505, 0.2614079581991976], "validation/acc": [0.19500000774860382, 0.16500000655651093, 0.1510000079870224, 0.5580000281333923, 0.7480000257492065, 0.6810000538825989, 0.7800000309944153, 0.8480000495910645, 0.8770000338554382, 0.89000004529953, 0.8630000352859497, 0.9100000262260437, 0.8500000238418579, 0.8800000548362732, 0.8400000333786011, 0.8970000147819519, 0.8740000128746033, 0.9050000309944153, 0.8680000305175781, 0.8700000643730164, 0.8810000419616699, 0.9170000553131104, 0.8770000338554382, 0.9010000228881836, 0.9280000329017639, 0.9030000567436218, 0.9430000185966492, 0.9030000567436218, 0.8770000338554382, 0.9360000491142273, 0.9150000214576721, 0.8960000276565552, 0.8920000195503235, 0.9250000715255737, 0.9130000472068787, 0.9110000729560852, 0.9220000505447388, 0.9450000524520874, 0.9160000681877136, 0.9450000524520874, 0.9140000343322754, 0.9290000200271606, 0.937000036239624, 0.9420000314712524, 0.9180000424385071, 0.9430000185966492, 0.9280000329017639, 0.921000063419342, 0.9450000524520874, 0.9320000410079956, 0.9120000600814819, 0.9350000619888306, 0.9350000619888306, 0.9300000667572021, 0.9480000734329224, 0.9380000233650208, 0.9420000314712524, 0.9360000491142273, 0.9460000395774841, 0.9540000557899475, 0.937000036239624, 0.9510000348091125, 0.9520000219345093, 0.9430000185966492, 0.9550000429153442, 0.937000036239624, 0.9600000381469727, 0.937000036239624, 0.9530000686645508, 0.9480000734329224, 0.9300000667572021, 0.9520000219345093, 0.9440000653266907, 0.9440000653266907, 0.9450000524520874, 0.9540000557899475, 0.9550000429153442, 0.9580000638961792, 0.9280000329017639, 0.9570000171661377],